{
  "pt_vocab_size": 1907,
  "nhe_vocab_size": 1567,
  "pt_top_words": [
    [
      "de",
      2282
    ],
    [
      "e",
      1597
    ],
    [
      "a",
      1356
    ],
    [
      "o",
      993
    ],
    [
      "do",
      966
    ],
    [
      "–",
      955
    ],
    [
      "da",
      813
    ],
    [
      "os",
      502
    ],
    [
      "ou",
      468
    ],
    [
      "dos",
      430
    ],
    [
      "em",
      415
    ],
    [
      "que",
      382
    ],
    [
      "as",
      346
    ],
    [
      "para",
      335
    ],
    [
      "no",
      321
    ],
    [
      "por",
      267
    ],
    [
      "lei",
      267
    ],
    [
      "na",
      253
    ],
    [
      "ao",
      250
    ],
    [
      "à",
      229
    ]
  ],
  "nhe_top_words": [
    [
      "ta",
      1260
    ],
    [
      "kuá",
      1244
    ],
    [
      "asui",
      978
    ],
    [
      "–",
      943
    ],
    [
      "upé",
      356
    ],
    [
      "mayê",
      312
    ],
    [
      "ũbeu",
      287
    ],
    [
      "u",
      275
    ],
    [
      "rupí",
      271
    ],
    [
      "aárama",
      270
    ],
    [
      "waá",
      270
    ],
    [
      "mayé",
      265
    ],
    [
      "waitá",
      263
    ],
    [
      "resé",
      248
    ],
    [
      "usú",
      234
    ],
    [
      "maã",
      230
    ],
    [
      "ti",
      229
    ],
    [
      "upé,",
      228
    ],
    [
      "arã",
      225
    ],
    [
      "uikú",
      220
    ]
  ],
  "singular_plural_pairs": [
    [
      "istadu-",
      "istadu-ita",
      0.9085715413093567
    ],
    [
      "miíra-",
      "miíra-ita",
      0.9605871438980103
    ],
    [
      "awá",
      "awáita",
      0.8963879346847534
    ],
    [
      "aãmu",
      "aãmuita",
      0.98820960521698
    ],
    [
      "pura",
      "puraita",
      0.9802815318107605
    ],
    [
      "aára",
      "aáraita",
      0.9925357103347778
    ],
    [
      "uka",
      "ukaita",
      0.9903333187103271
    ],
    [
      "kutaárawá",
      "kutaárawáita",
      0.994312584400177
    ],
    [
      "-",
      "-ita",
      0.9857655763626099
    ],
    [
      "amũ",
      "amũita",
      0.9931907653808594
    ],
    [
      "empresa",
      "empresaita",
      0.9247499704360962
    ],
    [
      "sa",
      "saita",
      0.656964898109436
    ],
    [
      "suraára",
      "suraáraita",
      0.9922767281532288
    ],
    [
      "senadu",
      "senaduita",
      0.989078164100647
    ],
    [
      "suãtisá",
      "suãtisáita",
      0.94954913854599
    ],
    [
      "resé",
      "reséita",
      0.8408873677253723
    ],
    [
      "wasú",
      "wasúita",
      0.9822549819946289
    ],
    [
      "umuyãsá",
      "umuyãsáita",
      0.9738218188285828
    ],
    [
      "maã",
      "maãita",
      0.8454518914222717
    ],
    [
      "mã",
      "mãita",
      0.976076602935791
    ],
    [
      "míra",
      "míraita",
      0.5987386703491211
    ],
    [
      "emẽda",
      "emẽdaita",
      0.9517291188240051
    ]
  ],
  "ita_suffix_count": 60
}